id,fullName,job,city
1,Gallard Conradsen,Analyst Programmer,Geputan
2,Tandie Giggs,Assistant Manager,Dao’er
3,Alexandre Blamire,Dental Hygienist,Majunying
4,Fannie Carloni,Technical Writer,Colcabamba
5,Julie Howie,Account Coordinator,Jayawangi
6,Jorgan Mewton,Senior Sales Associate,Soloneshnoye
7,Jada Satterly,Cost Accountant,Bantiran
8,Marcia Skerme,Environmental Tech,Borzytuchom
9,Leila McAviy,Help Desk Technician,Ciwaru
10,Goldy Bleiman,VP Product Management,Tamatam
11,Kaitlin Entwhistle,Director of Sales,San Rafael
12,Orelie Windeatt,Chief Design Engineer,Matina
13,Deena Schonfeld,Senior Cost Accountant,Izlake
14,Valerie Durram,Librarian,Fray Bentos
15,Danyette Dowry,Librarian,Sankanan
16,Audrie Mitchenson,Director of Sales,Jaboticabal
17,Glenden Stock,Operator,Mubi
18,Randie Arden,Accounting Assistant IV,Säffle
19,Franky Brandenberg,Community Outreach Specialist,Loures
20,Damaris Gapper,Physical Therapy Assistant,Elbasan
21,Kelbee Strevens,Cost Accountant,Jubao
22,Gianna Rowbury,Information Systems Manager,Krásná Lípa
23,Pierre Brogden,Chemical Engineer,Tomado
24,Alphard Callacher,Pharmacist,Patrocínio
25,Sal Eggleson,VP Accounting,Alto del Espino
26,Zola Gawthrop,Analyst Programmer,Petaluma
27,Corabella Toynbee,Environmental Tech,Gongchang
28,Jecho Featherstone,Social Worker,Chating
29,Conrad Gobbet,Staff Scientist,Antanifotsy
30,Kerstin Cluckie,Senior Developer,Jhingergācha
31,Tonnie Cayle,Statistician I,Kisarawe
32,Felita Gearty,Sales Associate,Kanoni
33,Salomo Adel,Quality Control Specialist,Yachimata
34,Cara Mulqueeny,Web Designer I,Choibalsan
35,Aurelie Self,Director of Sales,Leżajsk
36,Damiano Pocknell,Desktop Support Technician,Youfang
37,Martino Durward,Sales Representative,Longfengba
38,Garey Cradick,Technical Writer,Farsta
39,Jeromy Hargitt,Design Engineer,Masachapa
40,Ellie Aiton,Design Engineer,Oslo
41,Lorianna Kemetz,Editor,Miami
42,Tarah Bayles,Nurse Practicioner,Voskop
43,Shandy Applebee,Teacher,Poitiers
44,Arlee Toppin,Junior Executive,Banjar Yehsatang
45,Crystie Spinetti,Research Nurse,Xique Xique
46,Jobye Neilly,Marketing Manager,Zagora
47,Denise Prandin,Health Coach II,Kandi
48,Natalina Cutsforth,Editor,Heredia
49,Saree Ramplee,Executive Secretary,Mandaon
50,Randy Warwick,Quality Control Specialist,Dera Murād Jamāli
51,Letta Moreside,VP Quality Control,Tayum
52,Nike Blindmann,Analyst Programmer,Bala Murghab
53,Jacquelyn Inch,Legal Assistant,Jarada
54,Jeniece Chadwyck,Administrative Officer,Yanping
55,Adan Soar,Accountant II,Nicola Town
56,Brear Itzkovsky,Dental Hygienist,Neẖalim
57,Tristam Towll,Systems Administrator III,Pedregulho
58,Luther Eatttok,Registered Nurse,Colorado Springs
59,Christabella Peschmann,Mechanical Systems Engineer,El Progreso
60,Neely Le Gassick,Tax Accountant,Guishan
61,Genovera Le Bosse,Staff Accountant I,Kaffrine
62,Rodrigo Assaf,Nurse Practicioner,Sadkowice
63,Fiorenze Grimbleby,Business Systems Development Analyst,Bellavista
64,Annora Itzhayek,Nurse Practicioner,Nanterre
65,Marigold Harkes,Associate Professor,Riosucio
66,Hilario Pirouet,Account Executive,Irecê
67,Bernelle Puckrin,Web Designer II,Corvite
68,Delcina Wasmer,Legal Assistant,Nanwai
69,Vida Knowler,Software Engineer I,Mỹ Tho
70,Lynelle Ferenc,Physical Therapy Assistant,Pyhäjoki
71,Emilee Dalliwatr,Chemical Engineer,Talondang
72,Cybill Ridgers,Nurse,Inawashiro
73,Roman Harome,Quality Control Specialist,Caja
74,Isa Ruse,Design Engineer,Twardawa
75,Karla Behneke,Financial Analyst,Funes
76,Shaine Le Lievre,Structural Analysis Engineer,Koh Kong
77,Adelice Weathers,Quality Control Specialist,El Hajeb
78,Norby Lattimore,Biostatistician I,Gaoyao
79,Marieann McDermott,Project Manager,Esteio
80,Hinze Gilfoyle,Senior Quality Engineer,Rääkkylä
81,Caye Alvares,Senior Sales Associate,Gongju
82,Elita Liebermann,Desktop Support Technician,Ouango
83,Cherri Nipper,Engineer III,Lobanovo
84,Ebenezer Chaffey,Technical Writer,Abreus
85,Almeria Mercer,Help Desk Technician,Zhaowu
86,Gard Bradlaugh,Information Systems Manager,Amiens
87,Jeanelle Huggon,Sales Representative,Banawang
88,Jandy Orrick,Help Desk Technician,Hodošan
89,Artie Skewes,Editor,Ripky
90,Thalia Thorald,Design Engineer,Lancaster
91,Padget Godfray,Health Coach II,Spodnja Hajdina
92,Flin Leggate,Pharmacist,Quintão
93,Sammie Abrehart,Analyst Programmer,Nizhyn
94,Basilio Rodolico,Chemical Engineer,Baikouquan
95,Caro Skeffington,Occupational Therapist,San Miguel
96,Dori Hamlington,Safety Technician I,Mengenkrajan
97,Rosanne Waith,Nuclear Power Engineer,Erhe
98,Mile Davidge,Staff Scientist,Washington
99,Pablo Jeschner,Software Engineer IV,Šipovo
100,Buddie Tolland,Occupational Therapist,Bojawa
101,Michaeline Truman,Nurse,Siemkowice
102,Sharon Riccetti,Editor,Asarum
103,Hetti Antonomolii,Teacher,Qal‘ah-ye Na‘īm
104,Hewie Lucy,Chemical Engineer,Yuanling
105,Budd Schade,VP Accounting,Ţawr al Bāḩah
106,Hershel Eccersley,Executive Secretary,Kofelē
107,Mabelle Harkus,Account Executive,Kepoh
108,Yanaton Adamec,Programmer IV,Bagratashen
109,Kamillah Hexam,Financial Advisor,Sophia Antipolis
110,Fey Crimes,General Manager,Gaocun
111,Marjie McCotter,Software Consultant,Kletek
112,Adela Hallett,Structural Analysis Engineer,Mirzāpur
113,Betteann Rutigliano,Clinical Specialist,Troitskaya
114,Rubetta Bradnock,Financial Analyst,Torrevieja
115,Latisha de Nore,Database Administrator II,Aganan
116,Burt Attride,Graphic Designer,Årsta
117,Juliana Keyworth,Accounting Assistant III,Charlotte
118,Aylmar Armin,Professor,Vårby
119,Deidre Dyball,Research Assistant I,Daulatpur
120,Neala Nuemann,Registered Nurse,Dos Hermanas
121,Waldemar Spavins,Community Outreach Specialist,Mariental
122,Diahann Gumey,Statistician II,Cibangun Tengah
123,Ilysa Petrosian,Research Assistant II,Mérignac
124,Kristen Hoodlass,Tax Accountant,Ubrub
125,Papagena Golsworthy,Structural Analysis Engineer,Santa Helena
126,Fraser de Chastelain,VP Marketing,Jaga
127,Fitzgerald Columbine,Chemical Engineer,Masipi West
128,Chrissie Scimoni,VP Quality Control,Miami
129,Nickie Coonan,Accounting Assistant II,Guimba
130,Ted Mathelin,Actuary,Tanggungrejo
131,Eleanora Blofeld,GIS Technical Architect,Komatsushimachō
132,Claire Jurisic,Safety Technician III,Kukuna
133,Xenos Bemment,Health Coach IV,Kute
134,Celle Benini,Accountant II,Aurillac
135,Maximo Henner,Safety Technician I,Wādī al ‘Uyūn
136,Genvieve Wooffitt,Quality Control Specialist,Haihui
137,Faustine Penhaleurack,Social Worker,Batad
138,Tymon Macrow,General Manager,San Francisco
139,Tait Ortzen,Statistician II,Hexing
140,Verna Veal,Director of Sales,Alepoú
141,Aindrea Rodinger,Engineer II,Olleros
142,Rhody Gilbanks,Administrative Assistant III,Citambal
143,Sherie Corssen,Structural Engineer,Nangang
144,Brenna Prop,Developer II,Qigzhi
145,Sid Rousby,Staff Accountant II,Vykhino-Zhulebino
146,Farah Le Borgne,Mechanical Systems Engineer,Krasnodon
147,Tansy Pemble,VP Quality Control,Perjuangan
148,Patrice Bartalini,Cost Accountant,Tanggungrejo
149,Dolores Jaumet,Chief Design Engineer,Santo Niño
150,Garrot Thatcher,Social Worker,Issy-les-Moulineaux
151,Jena Beardwell,Staff Scientist,Novaya Igirma
152,Garry Prandi,Internal Auditor,Miedzichowo
153,Petey Cory,Administrative Officer,Kenzhe
154,Melesa Toffler,Systems Administrator II,Loyola
155,Gilberto Leggs,VP Accounting,Pedra Branca
156,Findley Jeram,Librarian,Orós
157,Georg Cosstick,Teacher,Kuantan
158,Fabiano Meys,Marketing Manager,Tembayangan Barat
159,Gery Truter,Civil Engineer,Grande Rivière du Nord
160,Gerhard Boylan,Information Systems Manager,San Miguel
161,Madelena Thunder,Clinical Specialist,Tyresö
162,Killy Whitewood,Cost Accountant,Dayr Dibwān
163,Jania Chidlow,Mechanical Systems Engineer,Ķegums
164,Massimo Hathway,Media Manager III,Daixi
165,Nathanil Currie,Technical Writer,Shaoxing
166,Whitman Grayshan,Operator,Soca
167,Evelin Southcoat,Cost Accountant,Zasip
168,Janie Dzeniskevich,Research Associate,Pitogo
169,Jaquenette Crewdson,Computer Systems Analyst IV,Ivano-Frankove
170,Jourdan Newbury,Actuary,Tatabánya
171,Barbi Stamper,Marketing Assistant,Skawica
172,Holly Ottewell,Financial Advisor,Ocongate
173,Elfie McBeath,Senior Cost Accountant,Huangbu
174,Nicolle Stoak,Cost Accountant,Skien
175,Land McCorrie,Web Designer II,Hässleholm
176,Reggie Murrigan,Staff Accountant I,Marull
177,Chiquita Scohier,Assistant Professor,Buta
178,Nada Matiasek,VP Accounting,Tierp
179,Iain Doey,Nuclear Power Engineer,Santiago de María
180,Lorrie Twentyman,Accounting Assistant IV,Shuixi
181,Archer Grundell,Compensation Analyst,Peterhof
182,Rebekkah Braden,Director of Sales,Gurgurnica
183,Ileana Gay,Technical Writer,Cikijing
184,Orren Dunkerton,Help Desk Technician,Tanza
185,Toby Jillis,Desktop Support Technician,Murça
186,Burr Willimott,Teacher,Mörrum
187,Wayne Grenkov,Technical Writer,Changmao
188,Rena Baggallay,Systems Administrator II,Binonga
189,Abby Gerold,Senior Quality Engineer,Chernukha
190,Alaster Hunnam,Help Desk Operator,Mufumbwe
191,Kenyon Quimby,Programmer I,Ngetkib
192,Ambrosius Toman,Health Coach I,Hässleholm
193,Ingaberg Renhard,Senior Sales Associate,Santa Rosa
194,Arabela Sahnow,Human Resources Assistant I,Kedawung
195,Indira Longford,Computer Systems Analyst III,Nelspruit
196,Dorrie O'Donohue,Cost Accountant,Tanjung
197,Ina Campione,Senior Sales Associate,Chamouny
198,Sandra Hunnicot,Quality Control Specialist,Shin’ichi
199,Jaclyn Steen,Environmental Tech,Weetobula
200,Blondie Kenington,Data Coordiator,Tournai
201,Sheff Stanford,Chief Design Engineer,Helsingborg
202,Darell Duffer,Administrative Officer,Örnsköldsvik
203,Nancie Scotson,Food Chemist,Galyugayevskaya
204,Elsey Heinicke,Junior Executive,La Paz de Oriente
205,Jacqueline Bromehed,Information Systems Manager,Reriz
206,Griffy Luipold,Chief Design Engineer,Boulsa
207,Emmeline Blowfelde,Analyst Programmer,Cishan
208,Reine Lorenz,Actuary,Góis
209,Gerianna Jeskins,Account Executive,Gedaliang
210,Elwira Oene,Mechanical Systems Engineer,Cimalati
211,Victoria Turbill,Dental Hygienist,Tunjuk Selatan
212,Gusty Embleton,Cost Accountant,Oodweyne
213,Lanie McElwee,Senior Developer,Kesambilerenkrajan
214,Milzie Bonnett,Graphic Designer,Jengglungharjo
215,Jamima Joule,Executive Secretary,L'Aigle
216,Chryste Brettel,Office Assistant II,Ciketak
217,Arleen McCusker,Environmental Specialist,Lela
218,Sawyere Danet,Staff Scientist,Paucarbamba
219,Helge Petrello,Community Outreach Specialist,Aix-en-Provence
220,Skye Pillifant,Assistant Media Planner,Saku
221,Melisse Raw,Professor,Kyurdarmir
222,Zita Wild,Product Engineer,Jandir
223,Rene Zanetti,Internal Auditor,Rajapeni
224,Gayle Iorizzo,Speech Pathologist,Damu
225,Pincas Cossey,VP Quality Control,Tarumizu
226,Vaclav Wackett,Research Associate,Bangad
227,Rockie Hendrick,Speech Pathologist,Jāsim
228,Agata Charleston,Speech Pathologist,Gaphatshwe
229,Anestassia Dumingo,Director of Sales,Amiens
230,Elliott Binion,Tax Accountant,Little Rock
231,Tate Tallet,Account Executive,Mae Wang
232,Joelie Norcutt,Staff Scientist,Chơn Thành
233,Dniren Rioch,Dental Hygienist,Wakefield
234,Tiffani Lamyman,Account Coordinator,Santo Amaro
235,Kitty Addlestone,Staff Scientist,Bañga
236,Helen-elizabeth Leyrroyd,Biostatistician IV,Blagodatnoye
237,Edy Eddis,Assistant Media Planner,Houston
238,Sissie Baiss,Marketing Assistant,Zhuqi
239,Laural Peal,Junior Executive,Jājarm
240,Keir Wartonby,Dental Hygienist,Macarse
241,Cointon Boldecke,Mechanical Systems Engineer,Jiucaizhuang
242,Isidore Baythrop,Account Coordinator,Lushnjë
243,Flossi GiacobbiniJacob,Accounting Assistant II,Phra Phrom
244,Noland Antrack,Project Manager,Argel
245,Casper Iskower,Librarian,Dujiajing
246,Ashton McRamsey,Data Coordiator,Podu
247,Martynne Rankcom,Physical Therapy Assistant,Lugovskoy
248,Livia Iacovozzo,Biostatistician IV,Ortiga
249,Sherri Luff,Tax Accountant,Xiangyanglu
250,Barbe MacGall,Cost Accountant,Casais
251,Anissa O'Kieran,Compensation Analyst,Santa Lucia
252,Jada Allum,Nuclear Power Engineer,Monte Alto
253,Ken Beckerleg,Junior Executive,Phoenix
254,Yves Duckels,Staff Scientist,Karasuk
255,Mariette Basillon,Office Assistant II,Czarna Woda
256,Putnam Tildesley,Technical Writer,Jinjiang
257,Caitrin Moncarr,Nuclear Power Engineer,Ayagoz
258,Matteo Doble,Junior Executive,Bitin
259,Garrett Ceschi,GIS Technical Architect,Lemenhe
260,Micki Naptine,Nurse Practicioner,Plalar
261,Sadie McDonogh,Professor,Carapo
262,Lyda Sorsbie,Developer III,Sosnovka
263,Cassy Menary,Executive Secretary,Tarqūmyā
264,Lucias Chrystal,Data Coordiator,Al Marsá
265,Wilie Eskriett,Executive Secretary,Sempol
266,Arny Jeromson,Operator,Neiba
267,Germana Greenroad,Marketing Manager,Binawara
268,Marleen Bohling,Environmental Tech,Chuarrancho
269,Emilee Surtees,Data Coordiator,Ronfe
270,Zonda Noweak,Research Nurse,Rado
271,Clarita Renn,VP Marketing,Kiritsy
272,Bondie Deavin,Senior Cost Accountant,Tehetu
273,Orren Davidek,Actuary,Svetlyy Yar
274,Fayette Lowmass,Administrative Officer,Huicheng
275,Drugi Ledingham,Developer IV,Waldbredimus
276,Dru Martinovic,Engineer II,Babakankiray
277,Winne Quene,VP Marketing,Pavlovskaya
278,Daisy Wreight,Assistant Media Planner,Prostřední Bečva
279,Tobin McClenaghan,Physical Therapy Assistant,Houjiagang
280,Roscoe Spriggin,Community Outreach Specialist,Arísvi
281,Hank Saynor,Pharmacist,Rustāq
282,Ralina Hawyes,Cost Accountant,Zhangzhen
283,Moll Cosgriff,Media Manager IV,Trŭn
284,Sacha Gabe,Health Coach III,Nastola
285,Gib Rassmann,Safety Technician I,Nisí
286,Colin MacMarcuis,Legal Assistant,Assiniboia
287,Darlleen Jaslem,Financial Analyst,Nalus
288,Killian Mc Caghan,Software Engineer II,Ondangwa
289,Ree Climance,Developer II,Pivka
290,Ulrika Crighton,Operator,Jialu
291,Delilah Boichat,Community Outreach Specialist,Kastsyukowka
292,Keefe Arnott,Engineer IV,Bergen
293,Mandel Androck,Structural Engineer,Macapá
294,Malanie Jerrand,Civil Engineer,Corujeira
295,Ollie McClunaghan,Nuclear Power Engineer,Shuiyuan
296,Berrie Piggens,Food Chemist,Sukasari
297,Jessy Phettiplace,Junior Executive,Kanashevo
298,Ailsun Scandrick,VP Sales,Samoljica
299,Kathlin Dickins,Account Representative IV,Stockholm
300,Lind Cheyne,Human Resources Assistant II,Dýšina
301,Keenan Overpool,Web Designer IV,Káto Glikóvrisi
302,Catherine Whittaker,Safety Technician III,Köping
303,Allard Pfleger,Media Manager IV,Tournavista
304,Nikolos Schonfeld,Cost Accountant,Cibuah
305,Phillie Vasquez,Software Consultant,Sypniewo
306,Muriel Getcliff,Database Administrator I,Kota Ternate
307,Edwina Wellwood,Research Assistant IV,Cheb
308,Olivero Margeram,Actuary,Wilkołaz
309,Alvinia Lafferty,Tax Accountant,Caujul
310,Spike Huffy,Senior Editor,Mwembe
311,Wally Carnock,Mechanical Systems Engineer,Szydłowo
312,Jolee Dwyr,Structural Analysis Engineer,Tashtagol
313,Pen Souten,Associate Professor,Jinshan
314,Leila Tompsett,Human Resources Assistant II,Buenavista
315,Danya Tummons,Office Assistant III,Jimo
316,Stewart Peverell,Chief Design Engineer,San Roque
317,Bambi Pantin,Data Coordiator,Wakimachi
318,Thaddeus Killwick,Dental Hygienist,Tadotsu
319,Sofie Hammell,General Manager,Alpedrinha
320,Dal Coombs,Mechanical Systems Engineer,Meishan
321,Maura Laviss,Account Executive,Tambopata
322,Cesaro MacGinley,Actuary,Iguig
323,Analise Ancliff,Editor,San Bautista
324,Penrod Aris,Mechanical Systems Engineer,Omiš
325,Ofilia Durrand,Systems Administrator II,Karangmangu
326,Siegfried Bussen,Occupational Therapist,Jevišovice
327,Fabio Diver,Help Desk Operator,Kumo
328,Nikolaus Salvin,Internal Auditor,Mosteiros
329,Alexa Blaza,Human Resources Manager,Ansermanuevo
330,Crin Keyte,Analog Circuit Design manager,Tianhekou
331,Honoria Kimmince,Account Executive,Llanera
332,Jedediah Forrest,Senior Developer,Gornorechenskiy
333,Margery Graver,Research Associate,Pokrovskoye
334,Brittney Critchley,Account Representative IV,Vila do Bispo
335,Lucky Cosbey,Research Assistant III,Kladno
336,Violette Merrin,Sales Associate,Beizi
337,Laurent Giacaponi,GIS Technical Architect,Piritiba
338,Jacki Hinze,Accountant I,Krajan
339,Oswell Hawket,Marketing Manager,Sayyān
340,Temp Nutbeam,Environmental Specialist,Đà Bắc
341,Jamaal Poulson,Chief Design Engineer,Shah Alam
342,Gabi Shulver,Executive Secretary,San Isidro
343,Ingra Musker,VP Accounting,Oebobo
344,Emeline Ellaman,Editor,Goma
345,Tirrell Chessel,Geologist I,Kamigyō-ku
346,Tedman Berryann,Account Representative III,Banī Khaddāsh
347,Tomasine Filgate,Staff Scientist,La Uvita
348,Shannon Seavers,Teacher,Arapongas
349,Donavon Terrey,Automation Specialist III,Agía Foteiní
350,Lemuel Viney,Environmental Specialist,Gorskaya
351,Kalil Worswick,Senior Quality Engineer,Zhangjia
352,Harv Teers,Engineer III,Sikka
353,Geneva Paulou,Social Worker,Sergokala
354,Hebert Amberg,Environmental Specialist,Solna
355,Patsy Lannin,Operator,Talok
356,Geri Arlidge,Librarian,Balqash
357,Curry Goldberg,Technical Writer,Marseille
358,Salomo Hele,Electrical Engineer,Prnjavor
359,Missy Pickervance,Marketing Manager,Nusajaya
360,Garret Sustin,Data Coordiator,Panbang
361,Myron Marzelo,Social Worker,Saint Louis
362,Janette Paddingdon,Registered Nurse,Mojo
363,Yuri Pavese,Social Worker,Moutnice
364,Malissa Spickett,Programmer I,Ngeni
365,Letti Do Rosario,Editor,Xipi
366,Orazio Hamerton,Structural Analysis Engineer,Voskop
367,Angelia Arnault,Senior Quality Engineer,Aimin
368,Jone Levison,Design Engineer,Yanyang
369,Carr Fidian,Administrative Officer,Ростуша
370,Olivette Sharvill,Human Resources Manager,Buenavista
371,Ephrayim McAtamney,Quality Engineer,Tamaki
372,Pearline Haton,VP Quality Control,Detusoko
373,Janella Conklin,Assistant Media Planner,Hà Tiên
374,Durand Pelman,Administrative Officer,Salcedo
375,Shannah Maffezzoli,Paralegal,Vessada
376,Guthry MacArd,Registered Nurse,Metchosin
377,Corny Iredale,Administrative Officer,Brumado
378,Ramona Patriskson,Product Engineer,Lukovo
379,Sorcha Rex,Geological Engineer,Nafada
380,Gena Kirvin,Sales Representative,Bebedahan
381,Nigel Theze,Business Systems Development Analyst,Dunmanway
382,Demeter Fardy,Account Coordinator,Höganäs
383,Rutter Trill,Senior Editor,Kotaagung
384,Corinne Killoran,Account Coordinator,Al Quţayfah
385,Norby Tree,Occupational Therapist,Dushanbe
386,Zacharias Springell,Quality Engineer,Yasenskaya
387,Dela Henriksson,Database Administrator III,Tiling
388,Jessy Fake,Computer Systems Analyst I,Qingfa
389,Patrizius Gullan,VP Marketing,Saidpur
390,Rheta Varley,Associate Professor,Horton
391,Cami Domerc,Research Nurse,Cabay
392,Boone Siverns,VP Quality Control,Lumsden
393,Genevra Uzelli,Analog Circuit Design manager,Włosienica
394,Burke Sugg,Electrical Engineer,Letovice
395,Bernarr Mason,Safety Technician II,Chekhov
396,Kelila Schultes,Occupational Therapist,Ilare
397,Janel Dizlie,Programmer Analyst I,Sundawenang
398,Gabriel Pieche,Assistant Professor,Sihe
399,Matilda Heed,Sales Associate,Kafr Şaqr
400,Katrinka Norres,Research Associate,Jiangshan
401,Tallou Grolmann,VP Accounting,Konkwesso
402,Boycey Spivey,Data Coordiator,Qinjia
403,Georgi Berzen,Developer II,Sośnicowice
404,Hillard Blaycock,Mechanical Systems Engineer,Zhuyeping
405,Lorena Harmer,Recruiting Manager,Huanxi
406,Flory Sparrow,Administrative Assistant II,Goim
407,Alvis Aylmer,Software Engineer II,Sandefjord
408,Lanna Severns,Professor,Bireun
409,Rodie Ubsdale,Biostatistician IV,Omoa
410,Wallache Caitlin,Financial Analyst,Melekeok Village
411,Chaddy Dandie,Accounting Assistant III,Gongli
412,Ariella Massard,Staff Scientist,Krasnohrad
413,Alvera Cratere,Pharmacist,Evinayong
414,Pierson Strelitzki,Operator,Riofrío
415,Skippie Mulleary,Research Associate,Xijia
416,Deva Fetters,Analog Circuit Design manager,Bayombong
417,Mallissa Divine,Assistant Professor,Všeruby
418,Nancie Drayn,Dental Hygienist,Shatou
419,Shaylyn Korous,Analog Circuit Design manager,Uchiza
420,Clerissa Devonish,Physical Therapy Assistant,Āqchah
421,Moises Penhalewick,Staff Scientist,Vatutine
422,Dion Sherlaw,Web Designer II,Mauá
423,Jo Mabey,Account Representative IV,Talagasari
424,Mathian Mowatt,Internal Auditor,Néa Ionía
425,Ryun Cree,Mechanical Systems Engineer,Barayong
426,Waverly Aleksandrov,Accounting Assistant I,Parikkala
427,Delano Farfolomeev,Software Consultant,Alasmalang
428,Curtis Poynor,VP Sales,Nara-shi
429,Nara Winscomb,Director of Sales,Dolgoderevenskoye
430,Izabel Tiron,Payment Adjustment Coordinator,Al Judayrah
431,Kirby Petegrew,Editor,Sokol
432,Billie Scandwright,Tax Accountant,Quanling
433,Bartlett Strangwood,Structural Analysis Engineer,Agrela
434,Marrissa Kingham,Data Coordiator,Lipovljani
435,Jazmin Painter,Technical Writer,Freixo de Numão
436,Constantia Myrkus,Information Systems Manager,Antequera
437,Mariann Arnowitz,Editor,Molodizhne
438,Cosme Marzelle,Programmer Analyst III,Muli
439,Arnuad Hasel,Budget/Accounting Analyst II,São Sebastião do Caí
440,Jorie Borchardt,Staff Scientist,Carpentras
441,Margit Romanski,Teacher,Castelo
442,Willis Bangley,Programmer I,Sriwing
443,Sheffield Cordova,Teacher,Huyang
444,Rod Duprey,Compensation Analyst,Aotou
445,Pearce Tunsley,Social Worker,Kaédi
446,Chad Merrisson,Professor,Kyegegwa
447,Carter Marfell,Media Manager IV,Novaya Tavolzhanka
448,Clement Creigan,Administrative Officer,Goiana
449,Rinaldo L'Amie,Web Developer IV,Itapecerica da Serra
450,Gracia Kerwin,Senior Cost Accountant,Tallahassee
451,Deva Da Costa,Senior Quality Engineer,São Paio Merelim
452,Renate Durman,Senior Quality Engineer,Aguelmous
453,Laural Gatherell,Social Worker,Gobernador Gálvez
454,Norah Grimmolby,Actuary,Luntai
455,Gypsy Machan,Human Resources Manager,Nanggorak
456,Drucy Grabban,Environmental Specialist,Opuzen
457,Marius Bellison,Marketing Manager,Požarevac
458,Venita Sweeten,Accounting Assistant IV,Skorogoszcz
459,Julie MacFie,Environmental Tech,Kigali
460,Morgan Birkmyr,Systems Administrator II,Calhetas
461,Guss Mundford,Research Nurse,Dukuh Kaler
462,Gordy Lohan,Director of Sales,Mezhdurechensk
463,Debra Wadley,Payment Adjustment Coordinator,Changbai
464,Hermina Guthrie,Product Engineer,Zhabagly
465,Alanson Paulin,Automation Specialist III,Zhongwei
466,Elga Lidden,Media Manager II,Gosë e Madhe
467,Zacharia Maysor,Human Resources Assistant IV,Sävsjö
468,Mickie Garbutt,Actuary,Helin
469,Hermy Joinson,Nurse,Qingshan
470,Dusty Paddock,Developer III,Ganfang
471,Bard Blinman,Assistant Manager,Kubachi
472,Lev Martignoni,Administrative Assistant III,Bebekan
473,Hali Camellini,Chemical Engineer,Kaducondong
474,Claus Imort,Software Test Engineer II,Minneapolis
475,Markos Wickwar,Marketing Assistant,Bohai
476,Kelly O'Connel,Mechanical Systems Engineer,Tangga’an
477,Kincaid Orpen,Account Representative I,Heihe
478,Raine Licquorish,Account Executive,Almaznyy
479,Barbey Briers,Geologist IV,Yiyang
480,Harwell Oldacres,Accountant IV,Xiwei
481,Zorah Denkel,Information Systems Manager,Irving
482,Mitchael Brame,Human Resources Assistant I,Pontian
483,Jonathon Seviour,Quality Control Specialist,Panguna
484,Jean Asman,Internal Auditor,Cibungur
485,Wade Snaith,Sales Associate,San José de Jáchal
486,Tamas Potell,Senior Developer,Huaicheng
487,Aleece Redgrove,VP Marketing,Arai
488,Charin Bellenie,Teacher,Toritama
489,Iolanthe Murrison,Dental Hygienist,La Tuque
490,Herc Cleminson,Dental Hygienist,Zhanggongmiao
491,Tedmund Tallet,Nurse Practicioner,Uyo
492,Emanuele McAuslan,Administrative Officer,Cicapar
493,Leena Colborn,Media Manager II,Minneapolis
494,Joleen Keasey,Nurse Practicioner,Sudimara
495,Ayn Pfaffel,VP Marketing,Houston
496,Casie Eldridge,Payment Adjustment Coordinator,San Agustin
497,Luis Tankin,Marketing Manager,Zhaizigou
498,Ethelda McVity,Research Assistant IV,Washington
499,Demetrius Burden,GIS Technical Architect,Wirodayan
500,Pavla Headingham,Software Test Engineer II,Guanta
501,Susan Girod,Account Representative IV,Eg-Uur
502,Brittany Christofor,Electrical Engineer,Sambong
503,Carine Bunce,Speech Pathologist,Vyšší Brod
504,Ignace Wayne,Programmer III,Jiaozuo
505,Brennen Heninghem,Pharmacist,Astana
506,Genny Buesnel,Structural Analysis Engineer,Talisay
507,Erminia Damerell,Research Associate,Nanping
508,Hakeem Gollard,Food Chemist,Kamenka
509,Valerye Bakeup,VP Quality Control,Libas
510,Jake Sanpher,Senior Editor,Likwatang Timur
511,Ferdinand Cannavan,Environmental Tech,São Mateus
512,Shannon Wyeth,Sales Representative,Fuerte
513,Mordecai Jendrusch,Media Manager IV,Monte Agudo
514,Shanta Doles,Clinical Specialist,Cikijing
515,Tailor Spadotto,Teacher,Néa Plágia
516,Lorelle Drysdell,Structural Engineer,Miskolc
517,Son Galland,Data Coordiator,Daoxian
518,Adi Gidley,VP Product Management,Banjarjo
519,Kora Gilhooly,Chemical Engineer,Rodnikovskaya
520,Danila Tarrier,Dental Hygienist,Zhangqiang
521,Nolie Wagg,Mechanical Systems Engineer,Hutang
522,Benn Dudny,Senior Cost Accountant,Kranuan
523,Guntar Tireman,General Manager,Tuchlovice
524,Clarey Dudenie,Account Executive,Sangojar
525,Alyson Wyant,Administrative Assistant IV,Nomhon
526,Britteny Haslewood,Computer Systems Analyst I,Turenki
527,Emmie Cordel,Biostatistician III,Lower Hutt
528,Walden Faldoe,Structural Engineer,Sulitair
529,Marie-jeanne Brundle,Sales Representative,Xincheng Chengguanzhen
530,Rhody Honsch,Analyst Programmer,Mzuzu
531,Bernhard Haughton,Analyst Programmer,Pułtusk
532,Dal Beadles,Administrative Assistant I,Sruni
533,Jaclin Duckit,Web Designer III,Hiratachō
534,Connie Jebb,Clinical Specialist,Lhokkruet
535,Thacher Mixter,Quality Control Specialist,Buffalo
536,Katusha Giacubbo,Help Desk Operator,Mapalad
537,Mada De Mattia,Geologist II,Riosucio
538,Shaylynn Conway,Human Resources Manager,Sarilhos Grandes
539,Giorgia Firbanks,GIS Technical Architect,Beringovskiy
540,Homerus Salsberg,Research Associate,Tororo
541,Penny Brightman,Desktop Support Technician,Zmiennica
542,Hurleigh Swayne,Executive Secretary,Itapemirim
543,Halette Shoebotham,Assistant Manager,Byahoml’
544,Cynthea Shingles,Assistant Media Planner,Geneng
545,Sarah Locker,Physical Therapy Assistant,Libas
546,Carly Boast,Tax Accountant,Épinal
547,Florencia Rudgard,Administrative Assistant II,Duncan
548,Alfie Tropman,Structural Engineer,Nikolayevka
549,Fannie D'Avaux,VP Quality Control,Kuala Terengganu
550,Caressa Helleker,Assistant Manager,Kebonjaya
551,Mayer Millership,Systems Administrator II,Spokoynaya
552,Gloriana Bescoby,Director of Sales,Kaytitinga
553,Bartholemy Wegner,Structural Engineer,Siaya
554,Theo Ungaretti,Director of Sales,Adolfo Ruiz Cortines
555,Marie-jeanne Kilgrew,Social Worker,Hanyū
556,Chere Bullman,Assistant Manager,Łapczyca
557,Antonie Sambrok,Office Assistant III,Yi’an
558,Dillie Ketton,Civil Engineer,Duozhu
559,Katheryn Sambeck,Software Engineer II,Parigi
560,Lucas Leimster,Software Test Engineer IV,Az Zarbah
561,Krishnah Spir,Product Engineer,Lincoln
562,Nikoletta Boulger,Teacher,San Cristóbal Cucho
563,Leonardo Popley,Registered Nurse,Yangpu
564,Beret Mellmoth,Compensation Analyst,Placencia
565,Miller Frosdick,Project Manager,Sobral
566,Chrysa Crouch,Developer IV,Nikhom Kham Soi
567,Nelson Tapner,Senior Editor,Gebre Guracha
568,Rowena Rabidge,Payment Adjustment Coordinator,Kolbuszowa
569,Sean Adrian,Director of Sales,Kanye
570,Zaneta Witter,Geological Engineer,Katsina-Ala
571,Ashlee Sparwell,Environmental Specialist,Longzhou
572,Mason Armatidge,GIS Technical Architect,Wentugaole
573,Delano Frake,Financial Advisor,Diang
574,Ross Pockett,VP Sales,København
575,Rustin Auty,VP Accounting,Póvoa
576,Aura Clemensen,Accounting Assistant III,Laugar
577,Mata Perrin,Registered Nurse,Abū Tīj
578,Aeriel Marquot,Payment Adjustment Coordinator,Ipoh
579,Carleton Vicar,Librarian,Xinxu
580,Marcile Leishman,Recruiting Manager,Shijak
581,Em Harle,Marketing Manager,Marseille
582,Aldwin Losebie,Help Desk Technician,Nymburk
583,Martin Magovern,Software Consultant,Khombole
584,Brendis Mateiko,Engineer IV,Aulnay-sous-Bois
585,Luther Boake,Media Manager II,Sariwŏn
586,Ian Cordery,Geological Engineer,Tielong
587,Ardith Dreng,Dental Hygienist,Joubb Jannîne
588,Oliviero Ramey,Chief Design Engineer,Baler Baleagung
589,Clerc Sollett,Account Executive,Troitskaya
590,Nikos Botger,Senior Sales Associate,Porto Velho
591,Ebenezer Sadgrove,Nuclear Power Engineer,Vitrolles
592,Ellene Worgan,VP Accounting,Ksour Essaf
593,Jabez Orpwood,Programmer II,Sadabe
594,Ezekiel Bartalini,Technical Writer,Raychikhinsk
595,Diann Edmonston,Media Manager I,Shalushka
596,Mabel Sindle,Accountant I,Nakhchivan
597,Florence Mathey,VP Accounting,Diré
598,Lurline Stockney,Financial Advisor,Lagny-sur-Marne
599,Sela Ghelardoni,Director of Sales,Alingsås
600,Teresita Luesley,Data Coordiator,Xinghe Chengguanzhen
601,Esdras Cosgriff,Technical Writer,Maliana
602,Ham Scanlin,Speech Pathologist,Teresina
603,Case Lindelof,Programmer IV,Alasmalang
604,Fawne Olivera,Project Manager,Borgarnes
605,Lyon Congram,Pharmacist,Al Ḩumaydāt
606,Marshal Wraight,Operator,Kota Ternate
607,Franklin Kaser,Information Systems Manager,Calheta de Nesquim
608,Welby Zelake,Chemical Engineer,Nantes
609,Krispin Evason,Nuclear Power Engineer,Tatuí
610,Kahlil Cusick,Research Nurse,Mertzig
611,Johnnie Woods,Computer Systems Analyst I,Gongping
612,Kirbee Scholer,Accounting Assistant I,Solna
613,Brenn Hoyland,Registered Nurse,Qinhe
614,Martie Mennell,Editor,Buenlag
615,Mitchel Timmens,Senior Quality Engineer,Alegrete
616,Micki Bottell,VP Quality Control,Lijie
617,Cammy Carlesso,Marketing Assistant,Végueta
618,Marj Feedome,Analyst Programmer,Ninomiya
619,Miltie McNally,Research Nurse,Tawa
620,Lesley Goshawk,Tax Accountant,Düsseldorf
621,Lynde Albro,VP Sales,Mudanjiang
622,Arnoldo Sneddon,Physical Therapy Assistant,Nagcarlan
623,Poul Pottinger,Media Manager III,Iwanai
624,Adolpho Elman,Food Chemist,Kuripan
625,Arne MacMenamie,Office Assistant II,Kuala Bintang
626,Reilly Cranage,Administrative Officer,Mikró Monastíri
627,Robbin Whittuck,Project Manager,Al Karmil
628,Orelle Caroli,Recruiting Manager,Saint John’s
629,Donielle MacKessock,Chief Design Engineer,Bieliny
630,Antonie Louys,VP Quality Control,Welkom
631,Doralynn Nodes,Civil Engineer,Yangong
632,Madlen Frany,Nurse,Purut
633,Dev Spilstead,Budget/Accounting Analyst IV,Shache
634,Eugenie Maywood,Senior Quality Engineer,Xiashixiang
635,Silvie Ivett,Recruiter,Banjar Banyuning Barat
636,Simone Rohfsen,Senior Quality Engineer,Bautista
637,Paxton Santorini,Product Engineer,Chattanooga
638,Vivien Di Meo,Quality Engineer,Serednye Vodyane
639,Boigie Tack,Actuary,Voloka
640,Gordon Cready,VP Product Management,Tenjolaya
641,Bartholomew Boness,Cost Accountant,Khayr Kōṯ
642,Dedra Reaney,Mechanical Systems Engineer,Baoping
643,Blancha Hammerich,Assistant Media Planner,Songzhuang
644,Vladimir Brierly,Food Chemist,Mrzeżyno
645,Anthe Rival,Civil Engineer,Pires do Rio
646,Thane Dysart,Nurse,Lyon
647,Salvador Flint,Senior Editor,Baranovichi
648,Bertie Hunnable,Chemical Engineer,Cilangkap
649,Michaela Duligall,Junior Executive,Chenfang
650,Georgina Ovett,Pharmacist,Alíartos
651,Ilyse Bunce,Project Manager,Langley
652,Lynnell Roylance,Nurse Practicioner,Shuanglongchang
653,Bridie Maddock,Statistician IV,San Agustín
654,Sherrie McNalley,Community Outreach Specialist,Ramenki
655,Jacquelyn Hawtrey,Cost Accountant,Enskede
656,Leyla Vales,Human Resources Assistant II,Zainsk
657,Salomi Whewill,Staff Accountant I,Corralito
658,Octavia Challenger,Project Manager,San Jose
659,Jerrilyn Le Quesne,Internal Auditor,Piraju
660,Dell Kyberd,Payment Adjustment Coordinator,Águas Formosas
661,Cory Argontt,Desktop Support Technician,Colonia Yguazú
662,Gerda Mallon,Financial Advisor,Oekero
663,Gussi Pumphreys,Human Resources Assistant I,Chalcos
664,Carter Soars,Senior Cost Accountant,Cầu Giát
665,Blakeley Firby,Technical Writer,Lions Bay
666,Mackenzie Midlar,Research Associate,Xingnong
667,Lanie Saxon,Assistant Media Planner,Church End
668,Austen Gammett,Staff Accountant II,Smidary
669,Luce Batham,Marketing Manager,Charenton-le-Pont
670,Rog Halfpenny,Editor,Huaizhong
671,Trefor Whitehurst,VP Sales,Veguitas
672,Elyn Laidlaw,Junior Executive,Obrenovac
673,Kurt Imbrey,Recruiter,Eqlīd
674,Griffith Petriello,Design Engineer,Pittsburgh
675,Pierette Bogue,Senior Financial Analyst,Hashaat
676,Melinda Klemt,Research Associate,Chlói
677,Gayla Beatey,Data Coordiator,Corupá
678,Quincy Prestie,Structural Engineer,Tanahedang
679,Lek Ballentime,Health Coach IV,Sincelejo
680,Susie Webland,Civil Engineer,Klang
681,Giorgio Rames,Desktop Support Technician,Woshui
682,Julie Joinsey,Information Systems Manager,Srinagarindra
683,Drud Kendall,Computer Systems Analyst III,Badaogu
684,Raleigh Balfe,Geologist I,Byera Village
685,Lionel Fossett,Systems Administrator II,Phoenix
686,Becca Thresher,Developer III,Haenam
687,Muire Deamer,Technical Writer,Rautalampi
688,Frederik Barcke,Design Engineer,Piraí do Sul
689,Marvin Gocke,Mechanical Systems Engineer,Rāmhormoz
690,Norton Gircke,Associate Professor,Colonia Elía
691,Johna Malek,Analyst Programmer,Phú Khương
692,Aldo Vicent,Quality Control Specialist,Jiulonggang
693,Bobina Faustin,Account Representative II,Potrero Grande
694,Clotilda Seeking,Community Outreach Specialist,Kuala Terengganu
695,Andie Woodfin,Information Systems Manager,El Hatillo
696,Leonardo Laverack,Quality Engineer,Krasnogorskiy
697,Ravid Brimelow,Graphic Designer,Tuti
698,Amity Sarfass,Social Worker,Pomar
699,Lazarus Gumey,Media Manager IV,Sanguinheira
700,Renate Bowring,Account Coordinator,Pavlovka
701,Karlee Charke,Business Systems Development Analyst,Tha Mai
702,Wallache Haselden,Research Associate,Oekero
703,Marius Elmes,Sales Associate,Tuntum
704,Andrei McCarry,Social Worker,Zhaigang
705,Simonne Elnaugh,Software Consultant,Shiquanhe
706,Farlay Tullis,Database Administrator III,Xixiang
707,Mychal Eadmead,Computer Systems Analyst I,Aţ Ţurrah
708,Margarita Itzhaki,Tax Accountant,Dongming
709,Roma Inkpin,Research Assistant II,Boyuibe
710,Sharleen Norwich,Senior Sales Associate,Kostinbrod
711,Madelin Lindenman,Graphic Designer,Giawang
712,Alphard Tuminelli,Sales Representative,Zhongchao
713,Dale Fearnley,Administrative Officer,Zaoshi
714,Hendrik Bloss,Assistant Media Planner,Munse
715,Breena Iacovielli,Developer II,Vila Verde
716,Constantine Brea,Office Assistant III,Cimuncang
717,Row Nemchinov,Research Associate,Belozërsk
718,Jefferey Weyland,Biostatistician III,Casma
719,Vicki Pipping,Environmental Specialist,Berëzovka
720,Elysia Spilsburie,Account Executive,Congkar
721,Lind Ofener,VP Accounting,Gävle
722,Gertruda Skrines,Associate Professor,Sakaraha
723,Shermy Halewood,VP Marketing,Hucun
724,Klara Schimpke,Human Resources Manager,Xianghe
725,Loraine Housecroft,Information Systems Manager,Oviedo
726,Shell Postians,Human Resources Assistant III,Vinnytsya
727,Janka Kyte,Speech Pathologist,Baoshan
728,Adelaide Bensen,Nurse,Zhuqi
729,Christophe Jandel,Staff Scientist,Tanahwurung
730,Maureene Romaynes,Structural Analysis Engineer,Banaran
731,Aylmar Brimmell,Occupational Therapist,Ban Mo
732,Gill Struys,Statistician I,Siemkowice
733,Naomi Arckoll,Account Executive,Limoges
734,Rafaello Lynam,Software Engineer III,Redakodi
735,Maurita Sher,Electrical Engineer,Babica
736,Olympe Quittonden,Structural Engineer,Monteros
737,Myrtice Shills,Account Coordinator,Qalqaman
738,Osbourn Iley,Biostatistician I,Piekoszów
739,Tobiah Giacobo,Professor,Yuankeng
740,Waylan Kuhnhardt,Social Worker,Greensboro
741,Guillemette Kaminski,Senior Editor,Nazaré
742,Maitilde Stennet,Electrical Engineer,Valencia
743,Dante Coddrington,Senior Editor,Mas‘adah
744,Nerita Janjic,Accountant III,Lidingö
745,Ardenia Lower,Computer Systems Analyst III,Chadong
746,Dun Orrett,Biostatistician IV,Hepo
747,Durward Claremont,Paralegal,Praia da Vitória
748,Fancy Brando,Structural Analysis Engineer,Likino-Dulevo
749,Brooks Keningham,Safety Technician III,Chamical
750,Theodora Churches,GIS Technical Architect,Sidonganti
751,Rani Pechacek,Operator,Glubokiy
752,Henry Knappe,Office Assistant I,Novoshakhtinsk
753,Arline Sauvan,Quality Control Specialist,Nogent-sur-Marne
754,Turner Daymont,Assistant Manager,Indianapolis
755,Carilyn Jaggi,Physical Therapy Assistant,Changqiao
756,Berri Mosdall,Database Administrator II,Viļāni
757,Hendrick Macauley,Analog Circuit Design manager,Rawannawi Village
758,Nata Halloway,Senior Sales Associate,Sande Vila Nova
759,Ynes Gurnell,Senior Developer,Catolé do Rocha
760,Cybill Bentke,Structural Analysis Engineer,Pulaukijang
761,Aylmar Priver,Professor,Houston
762,Baxter Matthewman,Programmer Analyst I,Port-de-Paix
763,Steffen Fennelow,Recruiting Manager,Logovskoye
764,Charlton Streight,Recruiter,Bacabal
765,Lydie Burnsides,Speech Pathologist,Linjiang
766,Theodoric Rosiello,Account Coordinator,Longzhouwan
767,Baillie Poytress,Information Systems Manager,Chikwawa
768,Nikkie Kenyam,Accountant II,Ostuncalco
769,Francis Croxon,Systems Administrator I,Al Buq‘ah
770,Gram Able,Recruiting Manager,Mikumi
771,Emmanuel Goodinson,Research Assistant II,Zaghouan
772,Garwin Ellerbeck,Environmental Specialist,Grubišno Polje
773,Ben Payle,Recruiter,Putina
774,Kendricks Ber,Programmer Analyst I,Chifeng
775,Christian Hazeup,Web Designer II,Klagen
776,Ellwood Crowcroft,Editor,Arauco
777,Kev Youson,Biostatistician I,Tuchoměřice
778,Karly Waddie,Senior Sales Associate,Sudo
779,Collen Giveen,Recruiter,Rumphi
780,Quintina Gault,Desktop Support Technician,Ngaliyan
781,Hailee Henri,Marketing Assistant,Kula
782,Jule Gotter,Structural Engineer,Lāchi
783,Tawsha Fearon,Research Assistant III,Sugito
784,Carlina McMillam,Environmental Tech,Bantarmangu
785,Prince Bulford,Web Designer IV,Baton Rouge
786,Milka Towhey,Design Engineer,Selmes
787,Alex Gowthrop,Internal Auditor,Kim Sơn
788,Ugo Dake,Librarian,Huanchaco
789,Sherwin Stollberg,Marketing Assistant,Osias
790,Kala Pinxton,Research Nurse,Xiangyang
791,Maximilian Charnley,Administrative Assistant III,Telagaselaba
792,Meredithe Terrans,Assistant Media Planner,Dmitrov
793,Arron Francis,Product Engineer,Hatogaya-honchō
794,Quintin O'Duggan,Computer Systems Analyst IV,Bejuco
795,Darelle Poad,Sales Representative,Clisson
796,Cathlene Burchett,Help Desk Technician,Xiaoling
797,Jane Austins,Financial Analyst,Xinmen
798,Nerita Allmen,Account Representative I,Hasan
799,Nicolas Iddiens,Associate Professor,Chitagá
800,Peadar Juara,Safety Technician III,Les Abymes
801,Wendy Mariel,Food Chemist,Cruz Alta
802,Hans Clingan,Executive Secretary,Aleksandrovskiy Zavod
803,Stacie Liebrecht,Account Coordinator,Gardanne
804,Gerald Rylands,Cost Accountant,Lubowidz
805,Ronny Hesser,Web Designer III,Cibitung
806,Gates Stivani,Programmer II,La Colorada
807,Rivy Mullins,Nurse,Chai Badan
808,Sancho Glasard,Nurse,Polańczyk
809,Farly Paydon,Dental Hygienist,Senador Pompeu
810,Rozelle Rosser,Geologist IV,Concord
811,Idaline Lambell,Office Assistant III,Jilin
812,Boy Beaves,Professor,Gunem
813,Ladonna Keysall,Account Executive,Yingcheng
814,Millie Blakeborough,Software Consultant,Templeogue
815,Riki Milkeham,Executive Secretary,Baton Rouge
816,Marielle Burgis,Environmental Specialist,Hearst
817,Phil Leggon,Computer Systems Analyst II,Torre de Moncorvo
818,Hernando Riatt,Quality Engineer,Houston
819,Annabel Monkhouse,Programmer IV,Unaizah
820,Sarge McGairl,Senior Editor,Saskatoon
821,Charis Guyonneau,Analog Circuit Design manager,Maumere
822,Emmaline Ebbs,Senior Financial Analyst,Maputsoe
823,Amitie Yonge,VP Accounting,Neópolis
824,Waldemar Giorgi,Nurse Practicioner,Cachoeirinha
825,Dennie Sterrie,Junior Executive,Jackson
826,Aubrey Blakiston,Senior Cost Accountant,Songying
827,Delainey Vittel,Payment Adjustment Coordinator,Vaggeryd
828,Norbie Carrabot,Compensation Analyst,Golovinskiy
829,Timothee Southey,Account Representative III,Praimarada
830,Ernesto Bielfeldt,Assistant Media Planner,Recife
831,Kaye Sandeman,Software Test Engineer IV,Aradac
832,Esteban Sissel,Senior Editor,Tessaoua
833,Meghan Mosdill,Actuary,Pāshmūl
834,Florencia Gaffney,Help Desk Technician,Zhongying
835,Rochette Brattell,Food Chemist,Luniao
836,Aguie Cutill,Biostatistician III,Barmash
837,Vere Eplett,Payment Adjustment Coordinator,Katrineholm
838,Erv Cogle,Senior Financial Analyst,Thị Trấn Quan Hóa
839,Bard Gouldeby,Help Desk Operator,Braço do Norte
840,Upton Andover,Cost Accountant,Zdounky
841,Dennet des Remedios,Pharmacist,Talghar
842,Michael Mant,Payment Adjustment Coordinator,Bududa
843,Brear Jochanany,Sales Associate,Lamduan
844,Maisey Tiery,Software Consultant,Tsaghkahovit
845,Joyann Cohalan,Account Coordinator,Baja Mar
846,Katerina Ferraro,Help Desk Technician,Shiqiaotou
847,Megan Zelley,Human Resources Assistant I,Omoku
848,Addi Coppen,Help Desk Technician,Las Toscas
849,Barthel Winterflood,Geologist II,Bojonggenteng
850,Shurlocke Craster,Software Test Engineer IV,Luleå
851,Bunnie Paterson,Computer Systems Analyst I,Koudougou
852,Bryna Candlish,Speech Pathologist,Ban Selaphum
853,Erda Lissandrini,Speech Pathologist,Bangilan
854,Heloise O'Bradane,Community Outreach Specialist,Mahaba
855,Helenelizabeth Fippe,Information Systems Manager,Kebonagung
856,Roxanna Putten,Information Systems Manager,Goge
857,Scott Doag,Food Chemist,Hrotovice
858,Sabine Jerrold,Staff Accountant I,Budagovo
859,Beret Poston,Financial Analyst,Belfast
860,Monti Hackin,Web Designer I,Kotor
861,Wenona Senior,Chemical Engineer,Shangqing
862,Gabriellia Inwood,Recruiting Manager,Zhongzhang
863,Kimberley Labbett,Systems Administrator IV,Chía
864,Lester Louw,Human Resources Manager,Andradas
865,Guenevere Minget,Accountant II,Dadeldhurā
866,Dionisio Bletso,Administrative Officer,Fada N'gourma
867,Dominic Dougary,Statistician III,Photharam
868,Solomon Penfold,Web Designer IV,Waikambila
869,Domeniga Tabbitt,Research Nurse,Los Angeles
870,Bert Darrington,Information Systems Manager,Itinga
871,Oralle O'Scanlon,Accountant III,Sibreh
872,Harmony Dansie,Clinical Specialist,Cardal
873,Munroe Challens,Accounting Assistant IV,Longwood
874,Faunie Sambles,Administrative Officer,Broska
875,Kim Cowp,Assistant Media Planner,Thai Charoen
876,Brynna O'Noland,Software Consultant,Örgön
877,Chauncey Scedall,Chemical Engineer,Mendeleyevskiy
878,Aloise Brobeck,Structural Analysis Engineer,Boskovice
879,Isaak Sentance,Librarian,Tanenofunan
880,Les Dryburgh,VP Sales,Pessac
881,Lilas Spinozzi,GIS Technical Architect,Ust-Maya
882,Konstantin Chambers,Structural Engineer,Nairobi
883,Jeanine Ghidoli,GIS Technical Architect,Skatepark
884,Rem Newband,Sales Representative,Cholargós
885,Merl Dillingham,Clinical Specialist,Zouila
886,Verne Bris,Dental Hygienist,Huntington
887,Eleen Bew,Mechanical Systems Engineer,Imperatriz
888,Ebba Brownill,Systems Administrator IV,Osieck
889,Jeniece Lemary,Environmental Tech,Adtugan
890,Regan Dobbyn,Programmer Analyst II,Madrid
891,Dill Hanhart,Staff Scientist,Siguqiao
892,Garrek Debney,Research Nurse,Santiago do Cacém
893,Paquito Cleaves,Health Coach II,Zhishan
894,Breanne Moran,Cost Accountant,Wenchun
895,Leila Mercy,Technical Writer,Bayambang
896,Margit Teager,Environmental Tech,Nacaome
897,Kerri Sarfat,Technical Writer,Trongsa
898,Torrie Toman,GIS Technical Architect,Norrköping
899,Margarethe McNiff,Senior Editor,Ancenis
900,Cortney Robert,VP Sales,Lutou
901,Seline Flecknell,Software Engineer II,Aix-en-Provence
902,Lucila McCall,Speech Pathologist,Acevedo
903,Lyndsey Coddington,Accountant II,Odintsovo
904,Ludwig Sapsford,Design Engineer,Łąka Prudnicka
905,Katha Penke,Sales Representative,Mustvee
906,Findlay Ianittello,Human Resources Manager,Santol
907,Graig Zaple,Quality Control Specialist,Seremban
908,Flint Littledike,Research Associate,Malianzhuang
909,Holli Douche,Mechanical Systems Engineer,Bordeaux
910,Therese Neaverson,Financial Advisor,Sundsvall
911,Cynde Smalley,Business Systems Development Analyst,San Pablo
912,Willi Newrick,Business Systems Development Analyst,Jankomir
913,Margery Usborn,Graphic Designer,Karangtengah
914,Tish Gogan,Senior Cost Accountant,Chamlykskaya
915,Tirrell Lucey,General Manager,Nancun
916,Preston Kirkebye,VP Marketing,Rungkam
917,Rachele Crosthwaite,VP Product Management,Sukhobuzimskoye
918,Florentia Von Oertzen,Administrative Officer,Wielka Nieszawka
919,Cletus Du Fray,Data Coordiator,Anyang-si
920,Arluene Santo,Civil Engineer,Ayacucho
921,Silvain Lawrenson,Marketing Assistant,Kurikka
922,Bili Merrgan,Database Administrator I,Yanzhao
923,Raddy Morrissey,Graphic Designer,Bueng Samakkhi
924,Libbi Roylance,Project Manager,Videira
925,Nickolai Gotcliff,Design Engineer,Obertyn
926,Kenon De Clairmont,Clinical Specialist,Dikou
927,Ketti Smeuin,Help Desk Technician,Tangzhuang
928,Deedee Guirardin,Senior Sales Associate,Ojos de Agua
929,Fraze Flade,Environmental Specialist,Riebiņi
930,Berk Burberow,VP Accounting,Chachagüí
931,Kimberly Skittle,VP Accounting,Mianay
932,Consuelo Houtby,Data Coordiator,San Juan Bautista
933,Sheridan Beswetherick,Registered Nurse,Saint Aubin
934,Jaquelyn Maudlin,Pharmacist,Yanacancha
935,Ambrosi Sheehy,Administrative Officer,Qiping
936,Penny Wheeliker,Social Worker,Rora Timur
937,Melita Litchmore,Web Developer I,Skhodnitsa
938,Cindy Mifflin,General Manager,Phetchaburi
939,Priscella Bennetts,Payment Adjustment Coordinator,Shurugwi
940,Arman De Cristofalo,Occupational Therapist,Jiangchuan
941,Dodi Ingerfield,Internal Auditor,Ha
942,Darline Gant,Information Systems Manager,Meikeng
943,Cassandre Skerritt,Staff Accountant I,Praia Grande
944,Georgie O'Fallowne,Safety Technician III,Anxiang
945,Mickie Wheal,Financial Advisor,Tandou
946,Cathyleen Wressell,Senior Quality Engineer,Pniewy
947,Livia Murricanes,Structural Analysis Engineer,Remiremont
948,Gerardo Drewett,Quality Engineer,Paris 17
949,Carolus Attril,Product Engineer,Vairão
950,Clarie Youde,Research Assistant II,Madīnat ash Shamāl
951,Norrie Darracott,Senior Editor,Kaeng Khro
952,Elliott Wishkar,Environmental Tech,Al Bājūr
953,Archaimbaud Winspurr,Budget/Accounting Analyst II,Slunj
954,Allan Sawrey,Professor,Kintinku
955,Sidney Corrington,Staff Scientist,Serra D'El Rei
956,Marnia Farncombe,VP Sales,Rinconada
957,Anet Ringwood,Quality Control Specialist,Lingdangge
958,Murry Semken,VP Product Management,Bairro Assunção Piedade
959,Raphaela Ellingham,Financial Advisor,Molo
960,Candra Charpin,Business Systems Development Analyst,Bīrganj
961,Haily Ebbutt,Marketing Manager,Woha
962,Godard Simmgen,Analyst Programmer,Wysoka
963,Terrence Pawling,Associate Professor,Banjarsari
964,Noelyn Kenlin,Software Consultant,Zanjān
965,Denni Chainey,Payment Adjustment Coordinator,Arlöv
966,Nikolai Getley,Media Manager III,Cariaco
967,Pete Estick,Structural Engineer,Labansari
968,Dugald Lively,Legal Assistant,Novokhovrino
969,Merlina Heck,Budget/Accounting Analyst III,Wolomarang
970,Elisa Boundy,Information Systems Manager,Luyang
971,Michaela Horbart,Geological Engineer,Puger
972,Eduard Pennick,General Manager,Tarsouat
973,Alphonse Rosenthal,Social Worker,Fort-de-France
974,Leona Robson,Data Coordiator,Victoria
975,Amory Govey,Administrative Assistant II,Qincheng
976,Nertie MacBey,Staff Scientist,Jesenice
977,Kristien Frankham,Project Manager,Cascavel
978,Barnard Kleanthous,Automation Specialist II,Jiangkou
979,Aaren Tozer,Community Outreach Specialist,Täby
980,Kellina Hovey,VP Sales,Älvsjö
981,Glennie Ventam,Software Consultant,Yong’an
982,Danie Brizell,Staff Accountant IV,Umeå
983,Nikaniki Maben,Office Assistant II,Metsavan
984,Diarmid Callington,Automation Specialist III,Rio Claro
985,Bengt Eastwell,Sales Associate,Carabayllo
986,Boothe Ruston,Financial Analyst,Cournon-d'Auvergne
987,Bobbie McKeeman,Research Nurse,Ciparasi
988,Cleopatra Trimme,Marketing Assistant,Antsirabe
989,Van Standon,Structural Analysis Engineer,Serra D'El Rei
990,Mallissa Pacheco,Sales Associate,Kangani
991,Ninon Perschke,Physical Therapy Assistant,Al Ibrāhīmīyah
992,Blair Ausher,Software Engineer I,Qijiang
993,Bradan Dot,Editor,San Antonio
994,Claire Gabby,Registered Nurse,Khān Shaykhūn
995,Orin Lambdin,Community Outreach Specialist,Jetak
996,Pamelina McCree,Director of Sales,Sapphaya
997,Bellina Stoddard,Operator,Hrotovice
998,Kathe Burkill,Safety Technician III,Yasynuvata
999,Bruno Castilljo,Speech Pathologist,Viseu
1000,Valenka Blacker,Human Resources Manager,Kari
